﻿<?xml version="1.0" encoding="utf-8" standalone="no" ?>
<vehicle type="mower" xmlns:xsi="http://www.w3.org/2001/XMLSchema-instance" xsi:noNamespaceSchemaLocation="../../../../shared/xml/schema/vehicle.xsd">
    <annotation>Copyright (C) GIANTS Software GmbH, All Rights Reserved.</annotation>

    <storeData>
        <name>DISCO 3600 FC_MFZ</name>
        <specs>
            <neededPower>70</neededPower>
            <workingWidth>3.6</workingWidth>
        </specs>
        <functions>
            <function>$l10n_function_mower</function>
        </functions>
        <image>store_disco3600FC.png</image>
        <price>22500</price>
        <lifetime>600</lifetime>
        <rotation>0</rotation>
        <brand>CLAAS</brand>
        <category>mowers</category>
        <shopFoldingState>1</shopFoldingState>
        <shopTranslationOffset>0 -0.02 0</shopTranslationOffset>
        <shopRotationOffset>-1 0 0</shopRotationOffset>
        <vertexBufferMemoryUsage>1799132</vertexBufferMemoryUsage>
        <indexBufferMemoryUsage>278190</indexBufferMemoryUsage>
        <textureMemoryUsage>11010272</textureMemoryUsage>
        <instanceVertexBufferMemoryUsage>0</instanceVertexBufferMemoryUsage>
        <instanceIndexBufferMemoryUsage>0</instanceIndexBufferMemoryUsage>
    </storeData>

    <base>
        <typeDesc>$l10n_typeDesc_mower</typeDesc>
        <filename>disco3600FC.i3d</filename>
        <size width="4.8" length="2.5" lengthOffset="0.2" />
        <speedLimit value="22" />
        <components>
            <component centerOfMass="0 0.3 0" solverIterationCount="10" mass="800" />
            <component centerOfMass="0 0.1 0" solverIterationCount="10" mass="400" />
            <joint component1="1" component2="2" node="mowerZRotJoint" rotLimit="0 0 0" transLimit="0 0 0" />
        </components>
        <schemaOverlay attacherJointPosition="0 0" name="IMPLEMENT" />
    </base>
	
	<!--speedRotatingParts>
        <speedRotatingPart node="disc01" groundReferenceNodeIndex="1" rotateIfTurnedOn="true" workAreaIndex="1"/>
        <speedRotatingPart node="disc02" groundReferenceNodeIndex="1" rotateIfTurnedOn="true" workAreaIndex="1"/>
    </speedRotatingParts-->

    <powerConsumer ptoRpm="470" neededMinPtoPower="20" neededMaxPtoPower="20"/>
	
	<workAreas>
        <workArea type="mower" functionName="processMowerArea" disableBackwards="true" >
            <area startNode="areaStart" widthNode="areaWidth" heightNode="areaHeight" />
            <groundReferenceNode index="1" />
            <folding minLimit="0" maxLimit="0.1" />
            <mower dropWindrow="true" dropAreaIndex="2" />
			<onlyActiveWhenLowered value="true"/>
        </workArea>

        <workArea type="auxiliary" >
            <area startNode="areaDropStart" widthNode="areaDropWidth" heightNode="areaDropHeight" />
        </workArea>
    </workAreas>
	
	<attachable>
        <inputAttacherJoints>
            <inputAttacherJoint node="attacherJoint" jointType="implement" topReferenceNode="topReferenceNode" lowerRotLimitScale="0 0 0" lowerTransLimitScale="0 0.6 0" upperRotationOffset="0" lowerRotationOffset="0">
                <distanceToGround lower="0.5" upper="1.2" />
            </inputAttacherJoint>
        </inputAttacherJoints>
        <lowerAnimation name="lowerAnimation" speed="1" />
        <support animationName="moveSupport"/>
    </attachable>

    <lights>
        <realLights>
            <high>
                <light node="frontLightLow"           lightTypes="0 3"/>
                <turnLightLeft node="turnLightLeftFront" />
                <turnLightRight node="turnLightRightFront" />
            </high>
        </realLights>

        <defaultLights>
            <defaultLight shaderNode="frontlightStatic"         lightTypes="0 3" />
        </defaultLights>

        <turnLights>
            <turnLightLeft shaderNode="Claas_TurnLight01_LeftBlinkStatic" />
            <turnLightRight shaderNode="Claas_TurnLight01_RightBlinkStatic" />
        </turnLights>
    </lights>

    <groundReferenceNodes>
        <groundReferenceNode node="groundRefNode" threshold="0.2" />
        <groundReferenceNode node="groundAdjustmentRefNode" threshold="0.3" />
    </groundReferenceNodes>

    <powerTakeOffs>
        <input inputAttacherJointIndices="1" inputNode="ptoInputNode" aboveAttacher="true" />
    </powerTakeOffs>

    <foldable>
		<foldingConfigurations>
            <foldingConfiguration>
				<foldingParts startMoveDirection="1" turnOnFoldMaxLimit="0.1" turnOnFoldMinLimit="0">
					<foldingPart animationName="folding" speedScale="1" />
				</foldingParts>
			</foldingConfiguration>
        </foldingConfigurations>
    </foldable>

    <animations>
        <animation name="lowerAnimation">
            <part componentJointIndex="1" startTime="0" endTime="2" startTransLimit="0 0 0" endTransLimit="0 0 0" startRotLimit="0 0 0" endRotLimit="0 0 10" />
            <part node="groundAdjustmentRefNode" startTime="0.75" endTime="2" startTrans="0 0.5 0" endTrans="0 0 0"/>
			
			<sound template="sheetImp01"  startTime="0.99" direction="1"  volumeScale="0.8" pitchScale="0.6"/>
            <sound template="sheetImp02"  startTime="0.99" direction="1"  volumeScale="1.5" pitchScale="0.7"/>
            <sound template="sheetImp02"  startTime="0.01" direction="-1" volumeScale="1.6" pitchScale="0.6"/>
        </animation>
        <animation name="folding">
            <part node="foldingLeft" startTime="0" endTime="1" startRot="0 0 0" endRot="0 0 -85" tangentType="spline"/>
            <part node="foldingLeftJoint1" startTime="0" endTime="1" startRot="176.732 0.001 -179.506" endRot="176.732 0.001 -150.506" startTrans="0 -0.4 0.25" endTrans="0.197 0.002 0.239" tangentType="spline"/>
            <part node="foldingRightJoint1" startTime="0" endTime="1" startRot="176.732 -0.03 179.458" endRot="176.732 -0.03 150.506" startTrans="0 -0.4 0.25" endTrans="-0.323 -0.001 0.232" tangentType="spline"/>
            <part node="foldingRight" startTime="0" endTime="1" startRot="0 0 0" endRot="0 0 85" tangentType="spline"/>
            <part node="saveLock" startTime="1" endTime="1.5" startRot="0 0 0" endRot="125 0 0" tangentType="spline"/>
            <part node="arm01" startTime="0" endTime="1.5" startRot="-3.652 4.548 54.301" endRot="-3.652 4.548 54.301" tangentType="spline"/>
            <part node="arm02" startTime="0" endTime="1.5" startRot="-4.125 -4.58 -54.818" endRot="-4.125 -4.58 -54.818" tangentType="spline"/>
			
			<sound template="defaultHydraulicSound" startTime="0.01" endTime="1.99" volumeScale="1.3" pitchScale="1.5"/>
            <sound template="defaultHydraulicSound" startTime="2"    endTime="3.99" volumeScale="1.3" pitchScale="1.3"/>
            <sound template="clackVar6"             startTime="0.01" direction="-1" volumeScale="0.6" pitchScale="0.7"/>
            <sound template="sheetImp01"            startTime="0.01" direction="-1" volumeScale="0.7" pitchScale="0.7"/>
            <sound template="sheetImp02"            startTime="2"                   volumeScale="1.4" pitchScale="1.2"/>
            <sound template="clackVar6"             startTime="4"    direction="1"  volumeScale="0.6" pitchScale="0.8"/>
            <sound template="sheetImp05"            startTime="4"    direction="1"  volumeScale="0.8" pitchScale="1"/>
        </animation>
        <animation name="moveSupport">
            <part componentJointIndex="1" startTime="0" endTime="0.5" startTransLimit="0 0 0" endTransLimit="0 0 0" startRotLimit="0 0 0" endRotLimit="0 0 0" />
			
			<sound template="clackVar6" startTime="0.09" direction="-1" volumeScale="1.1" pitchScale="1.5" linkNode="attacherJoint"/>
        </animation>
    </animations>

    <cylindered>
        <movingParts>
            <movingPart node="mowerXRot" referencePoint="mowerXRotRef" referenceFrame="mowerXRotRefFrame" isActiveDirty="true" maxUpdateDistance="200"/>
            <movingPart node="mowerZRot" referencePoint="mowerZRotRef" referenceFrame="mowerZRotRefFrame" isActiveDirty="true" maxUpdateDistance="200"/>
            <movingPart node="damper01" referencePoint="damper01Ref" referenceFrame="damper01Ref" isActiveDirty="true" maxUpdateDistance="200">
                <translatingPart node="damper01Punch" />
            </movingPart>
            <movingPart node="damper02" referencePoint="damper02Ref" referenceFrame="damper02Ref" isActiveDirty="true" maxUpdateDistance="200"/>
            <movingPart node="damper02Punch" referencePoint="damper02PunchRef" referenceFrame="damper02PunchRef" isActiveDirty="true" maxUpdateDistance="200" scaleZ="true" />
            <movingPart node="spring01" referencePoint="spring01Ref" referenceFrame="spring01Ref" isActiveDirty="true" maxUpdateDistance="200" scaleZ="true"/>
            <movingPart node="spring02" referencePoint="spring02Ref" referenceFrame="spring02Ref" isActiveDirty="true" maxUpdateDistance="200" scaleZ="true"/>
            <movingPart node="spring03" referencePoint="spring03Ref" referenceFrame="spring03Ref" isActiveDirty="true" maxUpdateDistance="200" scaleZ="true"/>
            <movingPart node="spring04" referencePoint="spring04Ref" referenceFrame="spring04Ref" isActiveDirty="true" maxUpdateDistance="200" scaleZ="true"/>
            <movingPart node="pto01" referencePoint="pto01Ref" referenceFrame="pto01Ref" isActiveDirty="true" maxUpdateDistance="200"/>
            <movingPart node="pto02" referencePoint="pto02Ref" referenceFrame="pto02Ref" isActiveDirty="true" maxUpdateDistance="200"/>
            <movingPart node="pto03" referencePoint="pto03Ref" referenceFrame="pto03Ref" isActiveDirty="true" maxUpdateDistance="200"/>
            <movingPart node="pto04" referencePoint="pto04Ref" referenceFrame="pto04Ref" isActiveDirty="true" maxUpdateDistance="200"/>
        </movingParts>
    </cylindered>

    <!--groundAdjustedNodes>
        <groundAdjustedNode node="groundAdjustmentNode" yOffset="0" minY="-0.4" maxY="0" moveSpeed="0.2">
            <groundReferenceNode index="2" />
            <raycastNode node="groundAdjustmentRaycast" />
        </groundAdjustedNode>
    </groundAdjustedNodes-->

    <mower fruitTypeConverter="MOWER">
        <animationNodes>
            <animationNode node="drum"     rotSpeed="-1500" rotAxis="1" turnOnFadeTime="3" turnOffFadeTime="3"/>
            <animationNode node="cutter01" rotSpeed="-3000"  rotAxis="3" turnOnFadeTime="3" turnOffFadeTime="3"/>
            <animationNode node="cutter02" rotSpeed="3000"  rotAxis="3" turnOnFadeTime="3" turnOffFadeTime="3"/>
            <animationNode node="cutter03" rotSpeed="-3000"  rotAxis="3" turnOnFadeTime="3" turnOffFadeTime="3"/>
            <animationNode node="cutter04" rotSpeed="3000"  rotAxis="3" turnOnFadeTime="3" turnOffFadeTime="3"/>
            <animationNode node="cutter05" rotSpeed="-3000"  rotAxis="3" turnOnFadeTime="3" turnOffFadeTime="3"/>
            <animationNode node="cutter06" rotSpeed="3000"  rotAxis="3" turnOnFadeTime="3" turnOffFadeTime="3"/>
            <animationNode node="cutter07" rotSpeed="-3000"  rotAxis="3" turnOnFadeTime="3" turnOffFadeTime="3"/>
            <animationNode node="cutter08" rotSpeed="3000"  rotAxis="3" turnOnFadeTime="3" turnOffFadeTime="3"/>
        </animationNodes>

        <dropEffects>
            <dropEffect dropAreaIndex="2">
                <effectNode effectNode="mowerEffect" materialType="mower" materialTypeId="1" delay="0" />
            </dropEffect>
        </dropEffects>
    </mower>
	
	<!--windBending>
        <windBendingNodes>
            <windBendingNode node="cover" maxBending="0.15" maxBendingSpeed="20"/>
        </windBendingNodes>
    </windBending-->

    <turnOnVehicle turnOffIfNotAllowed="true">
        <sounds>
            <start template="DEFAULT_MOWER_START_SHORT" linkNode="disco3600FC_main_component1" />
            <stop template="DEFAULT_MOWER_STOP"         linkNode="disco3600FC_main_component1" />
            <work template="DEFAULT_MOWER_WORK"         linkNode="disco3600FC_main_component1" />
        </sounds>
    </turnOnVehicle>

    <ai>
        <needsLowering value="true" />
        <areaMarkers leftNode="aiMarkerLeft" rightNode="aiMarkerRight" backNode="aiMarkerBack" />
        <collisionTrigger node="aiCollisionTrigger" width="4.0" height="1.4"/>
		<agentAttachment width="3" height="1.5" length="1.5" lengthOffset="0.15"/>
    </ai>

    <foliageBending>
        <bendingNode minX="-1.65" maxX="1.65" minZ="-0.8" maxZ="1.2" yOffset="0.2"/>
        <bendingNode minX="-0.35" maxX="0" minZ="-0.45" maxZ="1.0" yOffset="-0.3" node="foldingLeft"/>
        <bendingNode minX="0" maxX="0.35" minZ="-0.45" maxZ="1.0" yOffset="-0.3" node="foldingRight"/>
    </foliageBending>

    <baseMaterial>
        <material name="disco3600FC_mat" baseNode="disco3600FC_vis">
            <shaderParameter name="colorMat0" value="CLAAS_GREEN1"/>
        </material>
    </baseMaterial>

    <wearable wearDuration="480" workMultiplier="5" fieldMultiplier="2"/>
    <washable dirtDuration="90" washDuration="1" workMultiplier="4" fieldMultiplier="2"/>

    <i3dMappings>
        <i3dMapping id="disco3600FC_main_component1" node="0>" />
        <i3dMapping id="disco3600FC_vis" node="0>0" />
        <i3dMapping id="attacherJoint" node="0>0|0|0" />
        <i3dMapping id="topReferenceNode" node="0>0|0|1" />
        <i3dMapping id="ptoInputNode" node="0>0|0|2" />
        <i3dMapping id="mowerZRotJoint" node="0>0|1" />
        <i3dMapping id="mowerXRotJoint" node="0>0|2" />
        <i3dMapping id="mowerZRot" node="0>0|3|0" />
        <i3dMapping id="groundRefNode" node="0>0|3|0|0" />
        <i3dMapping id="foldingLeft" node="0>0|3|0|1|0" />
        <i3dMapping id="foldingLeftJoint1" node="0>0|3|0|1|0|2" />
        <i3dMapping id="foldingRight" node="0>0|3|0|2|0" />
        <i3dMapping id="foldingRightJoint1" node="0>0|3|0|2|0|2" />
        <i3dMapping id="mowerXRot" node="0>0|3|0|3" />
        <i3dMapping id="drum" node="0>0|3|0|3|0" />
        <i3dMapping id="cutter08" node="0>0|3|0|3|1|0" />
        <i3dMapping id="cutter07" node="0>0|3|0|3|2|0" />
        <i3dMapping id="cutter06" node="0>0|3|0|3|3|0" />
        <i3dMapping id="cutter05" node="0>0|3|0|3|4|0" />
        <i3dMapping id="cutter04" node="0>0|3|0|3|5|0" />
        <i3dMapping id="cutter03" node="0>0|3|0|3|6|0" />
        <i3dMapping id="cutter02" node="0>0|3|0|3|7|0" />
        <i3dMapping id="cutter01" node="0>0|3|0|3|8|0" />
        <i3dMapping id="damper01" node="0>0|3|0|3|9" />
        <i3dMapping id="damper01Punch" node="0>0|3|0|3|9|0" />
        <i3dMapping id="damper02Punch" node="0>0|3|0|3|10" />
        <i3dMapping id="damper02Ref" node="0>0|3|0|3|11" />
        <i3dMapping id="frontlightStatic" node="0>0|3|0|3|12|0|0" />
        <i3dMapping id="Claas_TurnLight01_LeftBlinkStatic" node="0>0|3|0|3|12|0|1" />
        <i3dMapping id="Claas_TurnLight01_RightBlinkStatic" node="0>0|3|0|3|12|0|2" />
        <i3dMapping id="frontLightLow" node="0>0|3|0|3|12|1" />
        <i3dMapping id="turnLightLeftFront" node="0>0|3|0|3|12|2" />
        <i3dMapping id="turnLightRightFront" node="0>0|3|0|3|12|3" />
        <i3dMapping id="pto02" node="0>0|3|0|3|14|0" />
        <i3dMapping id="pto01Ref" node="0>0|3|0|3|14|0|0" />
        <i3dMapping id="pto04" node="0>0|3|0|3|14|1" />
        <i3dMapping id="pto03Ref" node="0>0|3|0|3|14|1|0" />
        <i3dMapping id="mowerEffect" node="0>0|3|0|3|15|0" />
        <i3dMapping id="damper02" node="0>0|3|0|4" />
        <i3dMapping id="saveLock" node="0>0|3|0|4|0" />
        <i3dMapping id="damper02PunchRef" node="0>0|3|0|4|1" />
        <i3dMapping id="damper01Ref" node="0>0|3|0|5" />
        <i3dMapping id="spring01Ref" node="0>0|3|0|6" />
        <i3dMapping id="spring02Ref" node="0>0|3|0|7" />
        <i3dMapping id="spring03Ref" node="0>0|3|0|8" />
        <i3dMapping id="spring04Ref" node="0>0|3|0|9" />
        <i3dMapping id="mowerXRotRefFrame" node="0>0|3|0|11" />
        <i3dMapping id="spring01" node="0>0|3|0|12" />
        <i3dMapping id="spring02" node="0>0|3|0|13" />
        <i3dMapping id="spring03" node="0>0|3|0|14" />
        <i3dMapping id="spring04" node="0>0|3|0|15" />
        <i3dMapping id="pto01" node="0>0|3|0|16|0" />
        <i3dMapping id="pto02Ref" node="0>0|3|0|16|0|0" />
        <i3dMapping id="pto03" node="0>0|3|0|16|1" />
        <i3dMapping id="pto04Ref" node="0>0|3|0|16|1|0" />
        <i3dMapping id="groundAdjustmentRaycast" node="0>0|3|0|17|0" />
        <i3dMapping id="groundAdjustmentNode" node="0>0|3|0|17|1" />
        <i3dMapping id="mowerXRotRef" node="0>0|3|0|17|1|0" />
        <i3dMapping id="mowerZRotRefFrame" node="0>0|3|1" />
        <i3dMapping id="aiMarkerLeft" node="0>0|4|0" />
        <i3dMapping id="aiMarkerRight" node="0>0|4|1" />
        <i3dMapping id="aiMarkerBack" node="0>0|4|2" />
        <i3dMapping id="aiCollisionTrigger" node="0>0|4|3" />
        <i3dMapping id="areaStart" node="0>0|5|0" />
        <i3dMapping id="areaWidth" node="0>0|5|1" />
        <i3dMapping id="areaHeight" node="0>0|5|2" />
        <i3dMapping id="areaDropStart" node="0>0|5|3" />
        <i3dMapping id="areaDropWidth" node="0>0|5|4" />
        <i3dMapping id="areaDropHeight" node="0>0|5|5" />
        <i3dMapping id="arm01" node="0>0|6|4|0" />
        <i3dMapping id="arm02" node="0>0|6|5|0" />
        <i3dMapping id="disco3600FC_mowerPart_component2" node="1>" />
        <i3dMapping id="mowerZRotRef" node="1>0" />
        <i3dMapping id="groundAdjustmentRefNode" node="1>1|0" />
    </i3dMappings>
</vehicle>
